{"cameraMode":{"drawMode":0,"name":"Shaded","section":"Shading Mode"},"sceneLighting":true,"audioPlay":false,"sceneViewState":{"showFog":true,"showMaterialUpdate":false,"showSkybox":true,"showFlares":true,"showImageEffects":true,"showParticleSystems":true},"in2DMode":false,"pivot":{"x":-2.9342527389526369,"y":11.041053771972657,"z":23.34642791748047},"rotation":{"x":0.06118975952267647,"y":-0.9316373467445374,"z":0.18632984161376954,"w":0.305942177772522},"size":8.304195404052735,"orthographic":true}